<?xml version="1.0" encoding="UTF-8"?>
<beans xmlns="http://www.springframework.org/schema/beans"
	xmlns:xsi="http://www.w3.org/2001/XMLSchema-instance"
	default-autowire="byType"
	xmlns:aop="http://www.springframework.org/schema/aop"
	xsi:schemaLocation="http://www.springframework.org/schema/beans http://www.springframework.org/schema/beans/spring-beans.xsd
		http://www.springframework.org/schema/aop http://www.springframework.org/schema/aop/spring-aop-3.2.xsd">
	<!-- 아 그래도 귀찮아 Spring 니가 다해!!! -->
	<!-- default-autowire
		직접 주입하지 않거나, autowire를 설정하지 않은 경우 기본적인 autowire를 설정		
	
	 -->
	
	<bean id="boardDao"		name='dao'	class="com.ssafy.model.dao.BoardDaoImpl"/>
	<bean id="memberDao"				class="com.ssafy.model.dao.MemberDAOImp"/>

	<!-- 위에서 default-autowire="byType"로 지정해서 아무말 없으면 byType
		 따로 지정하면 그걸로 변함
	 -->
	<bean id='boardService' 	class="com.ssafy.model.service.BoardServiceImpl"/>
	<bean id='memberService' 	class="com.ssafy.model.service.MemberServiceImp"/>
	
	<!--	 				AOP 					-->
	<!-- 
			1. AOP namespace를 추가한다. (아래 하단의 탭클릭해서 aop check하기)
			2. Aspect를 작성한 클래스를 bean으로 등록
			3. AOP 설정
				<aop:config> ~ <aop:config>
	 -->
	 <bean id='helloAop'		class="com.ssafy.aop.HelloAop"/>
	 <aop:config>
	 	<!-- Aspect(공통코드)를 적용할 pointcut설정
	 		- <aop:pointcut> 태그로 pointcut설정하면 여러 Aspect나 다른 여러 <aop:config>에서 재사용 가능
	 		- execution( 내부 ) : 내부에서의 오타는 오류로 나타나지 않고 아무일 안일어남
	 	-->
	 	
	 	<aop:pointcut expression="execution( * com.ssafy.model.service.*ServiceImp*.search*(..))" id="searchPc"/>
	 	
	 	<!-- Aspect 설정 -->
	 	<aop:aspect ref="helloAop">
	 		<!-- <aop:어드바이서태그,>
	 			method 			: 공통모듈을 작성한 메서드 이름
	 			pointcut  		: 공통모듈을 적용할 pointcut으로 재사용 X
	 			pointcut-ref 	: 미리 등록한 pointcut id 
	 		-->
	 		<aop:after method="hello"	pointcut-ref="searchPc"/>
	 	</aop:aspect>
	 </aop:config>
</beans>

