<?xml version="1.0" encoding="UTF-8" ?>

<!DOCTYPE mapper PUBLIC "-//mybatis.org//DTD Mapper 3.0//EN" 
	"http://mybatis.org/dtd/mybatis-3-mapper.dtd">

<mapper namespace="com.ssafy.pms.model.dao.PhoneDao">
	<!-- 메소드 명과 아이디를 맞춰주기 -->
	<insert id="insert" parameterType="phone">
		insert into
		phones (num, model,
		price, vcode)
		values( #{num},#{model},#{price},#{vcode} )
	</insert>
	
	<update id="update" parameterType="phone">
		update phones set model=#{model}
						, price=#{price}
						, vcode=#{vcode}
		where num=#{num}
	</update>
	
	<delete id="delete" parameterType="string">
		delete from phones where num=#{num}
	</delete>
	
	<delete id="delete2" parameterType="string">
		delete from phones where num in
		<foreach collection="list" item='num' open="(" close=")" separator=",">
			#{num}
		</foreach>
	</delete>
	
	<select id="search" parameterType="string" resultType="phone">
		select num, model, price, vendor as vcode
		from phones	join company using (vcode)
		where num=#{num}
	</select>
	<select id="searchAll" resultType="phone">
		select num, model, price, vendor as vcode
		from phones	join company using (vcode)
	</select>
	<select id="findUser" parameterType="string" resultType="userinfo">
		select * from userinfo where id=#{id}
	</select>
</mapper>






