<?xml version="1.0" encoding="UTF-8" ?>

<!DOCTYPE mapper PUBLIC "-//mybatis.org//DTD Mapper 3.0//EN" "http://mybatis.org/dtd/mybatis-3-mapper.dtd"> 
	
<!--여러 도메인을 위한 쿼리 xml를 작성할 때  도메인을 식별하기 위해 
    namespace 부여 
=> sqlSession.쿼리메서드("식별자", paramdata);
    식별자 =>  namespace.id
  ex)sqlSession.insert("member.insert", member);    
  ex)sqlSession.selectOne("member.search", no);    
-->	
<mapper namespace="member" >
   <!--
      insert나 update에 대한 데이타 설정시 버그가 발생하므로 
      문제를 해결하기 위해 데이타 설정시 #{속성:JDBCType} 으로 한다. 
    org.apache.ibatis.type.JdbcType에서 확인
      문자열 VARCHAR
      정수   INTEGER
      실수   DOUBLE
	-->
   <insert id="insert"		parameterType="member">
   		insert into member (id, password, name, email, address)
   		values ( #{id:VARCHAR}
   		        ,#{password:VARCHAR}
   		        ,#{name:VARCHAR}
   		        ,#{email:VARCHAR}
   		        ,#{address:VARCHAR})
   </insert>
   <delete id="delete" 		parameterType="string">
   		delete from member where id=#{id}
   </delete>
   <update id="update"		parameterType="member">
   		update member set password=#{password:VARCHAR}
   		                , name = #{name:VARCHAR}
   		                , email= #{email:VARCHAR}
   		                , address=#{address:VARCHAR}
   		where  id = #{id:VARCHAR}
   </update>
   
   <select id="search"		 parameterType="string"    resultType="member">
   		select * from member  where id=#{id}
   </select>
   
   <select id="searchAll"	parameterType="pagebean"	resultType="member">
   		select * from member 
   		<!-- 동적 쿼리시 조건에 의해 where 나 and를 붙여주는 태그  -->
   		<where>
   			<if test='key != null and key!="all"'>
   				<if test=" word != null">
   					<choose>
   						<when test="key == 'id'">
   							id = #{word}
   						</when>
   						<when test="key == 'address'">
   							address like  concat('%',#{word},'%')
   						</when>
   					</choose>
   				</if>
   			</if>
   		</where>
   		order by id 
   </select>
   
   <select id="count"	resultType="int"	parameterType="pagebean">
   		select count(*) as cnt from member
   		<where>
   			<if test=' key != null and key!="all" '>
   				<if test=" word != null ">
   					<choose>
   						<when test=" key == 'id' ">
   							id = #{word}
   						</when>
   						<when test=" key == 'address' ">
   							address like  concat('%',#{word},'%')
   						</when>
   					</choose>
   				</if>
   			</if>
   		</where>
   </select>
</mapper>



























	












