<?xml version="1.0" encoding="UTF-8"?>
<!DOCTYPE configuration PUBLIC "-//mybatis.org//DTD Config 3.0//EN"
      "http://mybatis.org/dtd/mybatis-3-config.dtd">
<configuration>
  <!-- mapper에서 사용할 타입(parameterType, resultType)  설정
  	   org.apache.ibatis.type.TypeAliasRegistry
  	     - 기본 타입에 대한 alias 설정
   -->
  <typeAliases>
    <typeAlias type="com.ssafy.model.dto.Member" 	alias="member"/>
    <typeAlias type="com.ssafy.model.dto.PageBean"	alias="pagebean"/>
    <typeAlias type="com.ssafy.model.dto.Board"		alias="board"/>
    <typeAlias type="com.ssafy.model.dto.FileBean"	alias="filebean"/>
  </typeAliases>
  <environments default="development">
     <environment id="development">
        <transactionManager type="JDBC"/>
        <dataSource type="POOLED">
              <property name="driver" value="com.mysql.cj.jdbc.Driver"/>
          <property name="url" value="jdbc:mysql://localhost:3306/ssafydb?serverTimezone=UTC&amp;useSSL=false&amp;allowPublicKeyRetrieval=true"/>
          <property name="username" value="ssafy"/>
          <property name="password" value="ssafy"/>
        </dataSource>
     </environment>
  </environments>
  <mappers>
         <mapper resource="com/ssafy/config/Member_query.xml"/>
         <mapper resource="com/ssafy/config/Board_query.xml"/>
  </mappers>
</configuration>






