<?xml version="1.0" encoding="UTF-8" ?>

<!DOCTYPE mapper PUBLIC "-//mybatis.org//DTD Mapper 3.0//EN" 
	"http://mybatis.org/dtd/mybatis-3-mapper.dtd"> 
	
<mapper namespace="sql.product">
	<insert id="insert" 	parameterType="product">
		insert into product(id, title, price, description)
		values(
			#{id:VARCHAR}, #{title:VARCHAR}, #{price:INTEGER}, #{description:VARCHAR}	
		)
	</insert>
	
	<insert id="update"		parameterType="product">
		update product set title=#{title:VARCHAR}
					 , price=#{price:INTEGER}
					 , description=#{description:VARCHAR}
		where no=#{no:INTEGER}
	</insert>
	
	<delete id="delete"		parameterType="string">
		delete from product		
		where no=#{no}
	</delete>
	
	<select id="search"		parameterType="string"		resultType="product">
		select no, id, title, price, description 
		from product
		where no=#{no}		
	</select>
	
	<select id="searchAll"								resultType="product">
		select no, id, title, price, description 
		from product
	</select>
	
	
</mapper>






