<?xml version="1.0" encoding="UTF-8"?>
<beans xmlns="http://www.springframework.org/schema/beans"
	xmlns:xsi="http://www.w3.org/2001/XMLSchema-instance"
	xsi:schemaLocation="http://www.springframework.org/schema/beans http://www.springframework.org/schema/beans/spring-beans.xsd">
	
	<!--  1. 기본생성자로 객체 생성하도록 bean 등록하기 
			 => 생성자를 통해 데이타(의존하는 객체)를 주입 받기
		  2. <bean>태그의 바디에 <constructor-arg/>를 통해 생성자를 지정
		  	 <bean>
		  	 	<constructor-arg/>
		  	 </bean>
		  3. <constructor-arg/>태그는 인자 1개 대체 
		  	 속성
		  	 	value : primitive type과 String 타입의 값을 설정할 때 사용
		  	 	ref	  : 이미 등록된 bean의 id => 의존하는 객체를 주입
		  	 	index : 인자의 순서를 지정
		  	 			생략시 <constructor-arg/> 태그 순서대로 인자에 매핑된다.
		  	 	type  : primitive type을 지정할 수 있다.
		  	 			<인자 개수로 구분할 때는 상관없는데 인자 타입으로 구분해야되면 이걸 사용해야함>
	-->
		
	<bean id="title"	class="java.lang.String">
		<constructor-arg value='ssafy' />
	</bean>
	<bean id="board"	class="com.ssafy.model.dto.Board" >
		<constructor-arg value='ssafy'/>
		<constructor-arg ref="title"/>
		<constructor-arg value="잘되나요~~~? 나도 잘되요!!"/>
	</bean>
	
	<bean id='file1' class="com.ssafy.model.dto.FileBean">
		<constructor-arg value='a.txt'/>
		<constructor-arg value='a.txt'/>
		<constructor-arg value='1'/>
	</bean>
	<bean id='file2' class="com.ssafy.model.dto.FileBean">
		<constructor-arg value='a.txt'/>
		<constructor-arg value='a.txt'/>
		<constructor-arg value='1'/>
	</bean>
	
	<bean id="board2" class="com.ssafy.model.dto.Board">
		<constructor-arg value='1'/>
		<constructor-arg value='ssafy'/>
		<constructor-arg ref='title'/>
		<constructor-arg value='2019-10-17'/>
		<constructor-arg value='spring 예제'/>
		<constructor-arg>
		 	<list>
		 		<ref bean="file1"/>
		 		<ref bean="file2"/>
		 	</list>
		</constructor-arg>
	</bean>
</beans>
