<?xml version="1.0" encoding="UTF-8"?>
<beans xmlns="http://www.springframework.org/schema/beans"
	xmlns:xsi="http://www.w3.org/2001/XMLSchema-instance"
	xsi:schemaLocation="http://www.springframework.org/schema/beans http://www.springframework.org/schema/beans/spring-beans.xsd">
	
	<!--  1. 기본 생성자로 객체 생성하고 setter 메서드를 통해 데이터 주입하기 
		  2. <bean>태그의 바디에 <property/>를 통해 setter 메서드 호출
		  	 <bean>
		  	 	<property/>
		  	 </bean>
		  3. <property/> 
		  	 속성
		  	 	name  : 속성명
		  	 	value : primitive type과 String 타입의 값을 설정할 때 사용
		  	 	ref	  : 이미 등록된 bean의 id => 의존하는 객체를 주입
	-->
		
	<bean id="title"	class="java.lang.String">
		<constructor-arg value='처음하는 Spring .......' />
	</bean>
	<bean id="board"	class="com.ssafy.model.dto.Board" >
		<property name="id" value='ssafy'/>
		<property name="title" value='title'/>
	</bean>
	
	<bean id='file1' class="com.ssafy.model.dto.FileBean">
		<constructor-arg value='a.txt'/>
		<constructor-arg value='a.txt'/>
		<constructor-arg value='1'/>
	</bean>
	<bean id='file2' class="com.ssafy.model.dto.FileBean">
		<constructor-arg value='a.txt'/>
		<constructor-arg value='a.txt'/>
		<constructor-arg value='1'/>
	</bean>
	
	<bean id="board2" class="com.ssafy.model.dto.Board">
		<property name='no' value='1'/>
		<property name='id' value='ssafy'/>
		<property name='title' ref='title'/>
		<property name='files'>
		 	<list>
		 		<ref bean="file1"/>
		 		<ref bean="file2"/>
		 	</list>
	 	</property>
	</bean>
</beans>
