<?xml version="1.0" encoding="UTF-8"?>

<beans xmlns="http://www.springframework.org/schema/beans"
	xmlns:xsi="http://www.w3.org/2001/XMLSchema-instance"
	xmlns:context="http://www.springframework.org/schema/context"
	xmlns:tx="http://www.springframework.org/schema/tx"
	xmlns:aop="http://www.springframework.org/schema/aop"
	xsi:schemaLocation="http://www.springframework.org/schema/beans http://www.springframework.org/schema/beans/spring-beans.xsd
		http://www.springframework.org/schema/context http://www.springframework.org/schema/context/spring-context.xsd
		http://www.springframework.org/schema/aop http://www.springframework.org/schema/aop/spring-aop-4.3.xsd
		http://www.springframework.org/schema/tx http://www.springframework.org/schema/tx/spring-tx-4.3.xsd">
    

  <!-- bean 설정 -->
  <context:component-scan base-package="com.ssafy.model.dao"></context:component-scan>
  <context:component-scan base-package="com.ssafy.model.service"></context:component-scan>
  
  <!-- properties 파일 인식을 위한 설정 -->
	<context:property-placeholder  location="classpath:spring/jdbc.properties"/>
	
	<!-- Connection Pool을 위한 DataSource 설정 -->
	<bean  id="dataSource" class="org.apache.commons.dbcp.BasicDataSource"  destroy-method="close">
		<property name="driverClassName"  	value="${jdbc.driver}" />
		<property name="url"  				value="${jdbc.url}" />
		<property name="username"  			value="${jdbc.user}" />
		<property name="password"  			value="${jdbc.password}" />
		<property name="maxActive"  		value="${jdbc.maxPoolSize}" />
	</bean>
	
	<!-- 트랜잭선 설정 -->
	<bean  id="transactionManager"  class="org.springframework.jdbc.datasource.DataSourceTransactionManager">
		<property name="dataSource"  ref="dataSource" />
	</bean>
	
	<!-- AOP를 이용해서 트랜잭션 설정 -->
	<tx:advice  id="txAdvice"  transaction-manager="transactionManager">
		<tx:attributes>
			<tx:method name="insert*"  		propagation="REQUIRED"/>
			<tx:method name="delete*"  		propagation="REQUIRED"/>
			<tx:method name="update*"  		propagation="REQUIRED"/>
			<tx:method name="search*"  		read-only="true"/>
		</tx:attributes>		
	</tx:advice>
	
	<aop:config>
		<aop:pointcut expression="execution(* com.ssafy.model.service.*ServiceImp*.*(..))" id="servicePc"/>
		<aop:advisor advice-ref="txAdvice"  pointcut-ref="servicePc"/>
	</aop:config>
	
	
	<!-- MyBatis 설정  -->
	<bean id="sqlSessionFactory" class="org.mybatis.spring.SqlSessionFactoryBean">
		<property name="dataSource"  ref="dataSource"/>
		<!-- MyBatis 기본 설정 XML 등록 -->
		<property name="configLocation"  value="classpath:spring/SqlMapConfig.xml"/>
	</bean>
	
	<bean  id="sqlSession" class="org.mybatis.spring.SqlSessionTemplate">
		<constructor-arg ref="sqlSessionFactory"/>
	</bean> 
</beans>












