<?xml version="1.0" encoding="UTF-8" ?>

<!DOCTYPE mapper PUBLIC "-//mybatis.org//DTD Mapper 3.0//EN" 
	"http://mybatis.org/dtd/mybatis-3-mapper.dtd">

<mapper namespace="com.ssafy.model.dao.EmployeeDAO">
	<!-- 메소드 명과 아이디를 맞춰주기 -->
	
	
	<!--resultMap
		resultMap은 Class와 table의 속성들 이름이 다를 때 가이드 역할
		 
		<id/> primary column으로 지정 (여러개면 <id/>여러개)
			(findAllEmployees에서 eid가 primary key이므로)
		
		<result/> 나머지 속성들 이름 맞추자
			(사실 여기서는 이름이 같아서 안해도 되지만 다르거나 join할 경우 활용 굳)
	 -->
	 
	<resultMap type="employee" id="employeeResultMap">
		<id column="eid" property="id"/>
		<result column="ename" property="name"/>
		<result column="did" property="dept_id"/>
	</resultMap>
	
	<select id="findAllEmployees" resultMap="employeeResultMap">
		select id eid, name ename, dept_id did
		from s_emp
	</select>
	
	<resultMap type="department" id="deptResultMap">
		<id column="dept_id" property="dept_id"/>
		<result column="name" property="name"/>
		<result column="region_id" property="region_id"/>
		<collection property="employees" resultMap="employeeResultMap"/>
	</resultMap>
 	<select id="selectDeptByIdWithEmployees" parameterType="int" resultMap="deptResultMap">
        select    d.dept_id, d.name, d.region_id, e.id eid, e.name ename
        from    s_dept d left outer join s_emp e
        on (d.dept_id = e.dept_id)
        where d.dept_id = #{id}
    </select>
	
	<!-- useGeneratedKeys : Auto increase 대응 -->
	<insert id="addEmployee" useGeneratedKeys="true" keyProperty="id" parameterType="employee">
		insert into
		s_emp (id, name, mailid, start_date, manager_id, title, dept_id, salary, commission_pct)
		values(#{id:INTEGER}, #{name:VARCHAR}, #{mailid:VARCHAR}, #{start_date:DATE}, #{manager_id:INTEGER}, #{title:VARCHAR}, #{dept_id:INTEGER}, #{salary:DECIMAL}, #{commission_pct:DECIMAL})
	</insert>
	
	<delete id="deleteEmployee" parameterType="integer">
		delete from s_emp where id=#{id}
	</delete>
	
	<select id="findAllDepartments" resultType="department">
		select *
		from s_dept
	</select>
	
	
	<select id="findAllTitles" resultType="string">
		select distinct title
		from s_emp
	</select>
	
	<select id="findEmployeeById" parameterType="integer" resultType="employee">
		select * 
		from s_emp
		where id=#{id}
	</select>
	
	<select id="findLikeEmployees" parameterType="string" resultType="employee">
		select * 
		from s_emp
		where name like concat('%', #{name}, '%')
	</select>
	
	<select id="getEmployeesTotal" resultType="integer">
		select count(*)
		from s_emp
	</select>
	
	<update id="updateEmployee" parameterType="employee">
		update s_emp set name=#{name}
						  , mailid=#{mailid}
						  , start_date=#{start_date}
						  , manager_id=#{manager_id}
						  , title=#{title}
						  , dept_id=#{dept_id}
						  , salary=#{salary}
						  , commission_pct=#{commission_pct}
		where id=#{id}
	</update>
	
</mapper>






